date,sender,message,client_id,client_ip,timestamp
2025-06-15T16:02:26.415285,system,Client connected from 127.0.0.1,af43c159,127.0.0.1,1749996146415
2025-06-15T16:02:52.984872,system,Client connected from 127.0.0.1,49f69ca7,127.0.0.1,1749996172984
2025-06-15T16:02:59.919333,user,Hello !,49f69ca7,127.0.0.1,1749996179919
2025-06-15T16:03:01.400017,bot,Echo: Hello !,49f69ca7,127.0.0.1,1749996181400
2025-06-15T16:03:20.815689,user,Can you help me photo ?,49f69ca7,127.0.0.1,1749996200815
2025-06-15T16:03:21.936846,bot,"Here's what I can help you with:

üåê **Website Navigation**: Say ""open LinkedIn"", ""go to GitHub"", ""visit Upwork"", etc.
üíº **Freelance Support**: Ask about freelance work, projects, or clients
üìã **Offers Management**: Ask about job offers or opportunities
üí¨ **General Chat**: I'll respond to your messages and questions
üîó **Quick Links**: I can open popular freelance platforms, social media, and development tools

Try saying: ""open GitHub"", ""help me with freelance work"", or ""show me job offers""!",49f69ca7,127.0.0.1,1749996201936
2025-06-15T16:03:38.348094,user,open likenidn,49f69ca7,127.0.0.1,1749996218348
2025-06-15T16:03:39.288358,bot,"I'd be happy to help you open a website! I can open popular freelance platforms like Upwork, Fiverr, LinkedIn, GitHub, and more. Which site would you like to visit?",49f69ca7,127.0.0.1,1749996219288
2025-06-15T16:03:43.135115,user,open fiverr,49f69ca7,127.0.0.1,1749996223135
2025-06-15T16:03:43.870271,system,Opened https://fiverr.com,49f69ca7,127.0.0.1,1749996223870
2025-06-15T16:03:43.871093,bot,I've opened https://fiverr.com in a new tab. Is there anything specific you'd like to do there?,49f69ca7,127.0.0.1,1749996223871
2025-06-15T16:04:14.026607,system,Client disconnected from 127.0.0.1,49f69ca7,127.0.0.1,1749996254026
2025-06-15T16:11:35.332840,system,Client connected from 127.0.0.1,77ad87ef,127.0.0.1,1749996695332
2025-06-15T16:11:46.363127,system,Client connected from 127.0.0.1,79b77c93,127.0.0.1,1749996706363
2025-06-15T16:11:46.371376,system,Sent 3 offers,79b77c93,127.0.0.1,1749996706371
2025-06-15T16:13:53.845831,system,Client disconnected from 127.0.0.1,79b77c93,127.0.0.1,1749996833845
2025-06-15T16:13:54.243858,system,Client connected from 127.0.0.1,6f75b0ec,127.0.0.1,1749996834243
2025-06-15T16:13:54.256092,system,Sent 3 offers,6f75b0ec,127.0.0.1,1749996834256
2025-06-15T16:13:55.755471,system,Client disconnected from 127.0.0.1,77ad87ef,127.0.0.1,1749996835755
2025-06-15T16:13:55.783412,system,Client disconnected from 127.0.0.1,6f75b0ec,127.0.0.1,1749996835783
2025-06-15T16:13:56.277191,system,Client connected from 127.0.0.1,8cf06595,127.0.0.1,1749996836277
2025-06-15T16:14:00.868413,system,Client connected from 127.0.0.1,ba11b34f,127.0.0.1,1749996840868
2025-06-15T16:14:00.884563,system,Sent 3 offers,ba11b34f,127.0.0.1,1749996840884
2025-06-15T16:14:05.347374,system,Updated a0e87c1c-f313-4e83-a7bf-db04926094f3 to completed,ba11b34f,127.0.0.1,1749996845347
2025-06-15T16:14:05.356030,system,Sent 3 offers,ba11b34f,127.0.0.1,1749996845356
2025-06-15T16:14:14.949215,system,Updated 54f7fc84-8dbe-43d9-aa50-06cf4d27e802 to declined,ba11b34f,127.0.0.1,1749996854949
2025-06-15T16:14:14.953319,system,Sent 3 offers,ba11b34f,127.0.0.1,1749996854953
2025-06-15T16:14:16.234173,system,Updated 54f7fc84-8dbe-43d9-aa50-06cf4d27e802 to pending,ba11b34f,127.0.0.1,1749996856234
2025-06-15T16:14:16.240109,system,Sent 3 offers,ba11b34f,127.0.0.1,1749996856240
2025-06-15T16:14:17.394376,system,Updated 54f7fc84-8dbe-43d9-aa50-06cf4d27e802 to accepted,ba11b34f,127.0.0.1,1749996857394
2025-06-15T16:14:17.404837,system,Sent 3 offers,ba11b34f,127.0.0.1,1749996857404
2025-06-15T16:14:18.838677,system,Updated 54f7fc84-8dbe-43d9-aa50-06cf4d27e802 to completed,ba11b34f,127.0.0.1,1749996858838
2025-06-15T16:14:18.848047,system,Sent 3 offers,ba11b34f,127.0.0.1,1749996858848
2025-06-15T16:14:29.102584,system,Client disconnected from 127.0.0.1,8cf06595,127.0.0.1,1749996869102
2025-06-15T16:14:36.454359,system,Client disconnected from 127.0.0.1,ba11b34f,127.0.0.1,1749996876454
2025-06-15T16:31:41.877709,system,Client connected from 127.0.0.1,bd0bc9ec,127.0.0.1,1749997901877
2025-06-15T16:31:49.000203,user,Hi !,bd0bc9ec,127.0.0.1,1749997909000
2025-06-15T16:31:49.850552,bot,Echo: Hi !,bd0bc9ec,127.0.0.1,1749997909850
2025-06-15T16:31:58.063965,system,Client connected from 127.0.0.1,ec311ac2,127.0.0.1,1749997918063
2025-06-15T16:31:58.077988,system,Sent 3 offers,ec311ac2,127.0.0.1,1749997918078
2025-06-15T16:32:02.416682,system,Updated a0e87c1c-f313-4e83-a7bf-db04926094f3 to accepted,ec311ac2,127.0.0.1,1749997922416
2025-06-15T16:32:02.422848,system,Sent 3 offers,ec311ac2,127.0.0.1,1749997922422
2025-06-15T16:32:04.262139,system,Updated a0e87c1c-f313-4e83-a7bf-db04926094f3 to declined,ec311ac2,127.0.0.1,1749997924262
2025-06-15T16:32:04.269674,system,Sent 3 offers,ec311ac2,127.0.0.1,1749997924269
2025-06-15T16:32:05.197250,system,Updated a0e87c1c-f313-4e83-a7bf-db04926094f3 to pending,ec311ac2,127.0.0.1,1749997925197
2025-06-15T16:32:05.203026,system,Sent 3 offers,ec311ac2,127.0.0.1,1749997925203
2025-06-15T16:32:25.310056,system,Client disconnected from 127.0.0.1,bd0bc9ec,127.0.0.1,1749997945310
2025-06-15T16:33:50.870867,system,Client disconnected from 127.0.0.1,ec311ac2,127.0.0.1,1749998030871
2025-06-15T16:33:51.286783,system,Client connected from 127.0.0.1,d354f649,127.0.0.1,1749998031286
2025-06-15T16:33:51.296131,system,Sent 3 offers,d354f649,127.0.0.1,1749998031296
2025-06-15T16:34:14.320679,system,Client disconnected from 127.0.0.1,d354f649,127.0.0.1,1749998054320
2025-06-15T16:34:14.890713,system,Client connected from 127.0.0.1,3a719abc,127.0.0.1,1749998054890
2025-06-15T16:34:30.859321,user,open fiverr,3a719abc,127.0.0.1,1749998070859
2025-06-15T16:34:32.013343,system,Opened https://fiverr.com,3a719abc,127.0.0.1,1749998072013
2025-06-15T16:34:32.014057,bot,I've opened https://fiverr.com in a new tab. Is there anything specific you'd like to do there?,3a719abc,127.0.0.1,1749998072014
2025-06-15T16:34:39.164534,system,Client connected from 127.0.0.1,972a6b3c,127.0.0.1,1749998079164
2025-06-15T16:34:39.176000,system,Sent 3 offers,972a6b3c,127.0.0.1,1749998079176
2025-06-15T16:34:55.413228,system,Updated d9101f5c-8f6e-4f16-8956-61c85e9a82de to accepted,972a6b3c,127.0.0.1,1749998095413
2025-06-15T16:34:55.418332,system,Sent 3 offers,972a6b3c,127.0.0.1,1749998095418
2025-06-15T16:34:57.132529,system,Updated d9101f5c-8f6e-4f16-8956-61c85e9a82de to declined,972a6b3c,127.0.0.1,1749998097132
2025-06-15T16:34:57.135053,system,Sent 3 offers,972a6b3c,127.0.0.1,1749998097135
2025-06-15T16:34:59.781958,system,Updated d9101f5c-8f6e-4f16-8956-61c85e9a82de to pending,972a6b3c,127.0.0.1,1749998099781
2025-06-15T16:34:59.788618,system,Sent 3 offers,972a6b3c,127.0.0.1,1749998099788
2025-06-15T16:35:03.978405,system,Updated a0e87c1c-f313-4e83-a7bf-db04926094f3 to accepted,972a6b3c,127.0.0.1,1749998103978
2025-06-15T16:35:03.984967,system,Sent 3 offers,972a6b3c,127.0.0.1,1749998103985
2025-06-15T16:35:06.387438,system,Client disconnected from 127.0.0.1,3a719abc,127.0.0.1,1749998106388
2025-06-15T16:36:30.758116,system,Client disconnected from 127.0.0.1,972a6b3c,127.0.0.1,1749998190758
2025-06-15T16:45:17.481779,system,Client connected from 127.0.0.1,e08331ec,127.0.0.1,1749998717481
2025-06-15T16:45:20.284955,system,Client connected from 127.0.0.1,9d70e97a,127.0.0.1,1749998720284
2025-06-15T16:45:20.292953,system,Sent 1 events,9d70e97a,127.0.0.1,1749998720292
2025-06-15T16:45:48.715884,system,Client disconnected from 127.0.0.1,e08331ec,127.0.0.1,1749998748716
2025-06-15T16:47:08.481785,system,Server is shutting down. Goodbye! üëã,9d70e97a,127.0.0.1,1749998828481
2025-06-15T16:47:08.486261,system,Client disconnected from 127.0.0.1,9d70e97a,127.0.0.1,1749998828486
2025-06-15T16:47:48.345049,system,Client connected from 127.0.0.1,d6cd9004,127.0.0.1,1749998868345
2025-06-15T16:47:48.356751,system,Sent 0 events,d6cd9004,127.0.0.1,1749998868356
2025-06-15T16:47:50.619952,system,Client disconnected from 127.0.0.1,d6cd9004,127.0.0.1,1749998870619
2025-06-15T16:47:51.197340,system,Client connected from 127.0.0.1,fe7a50e5,127.0.0.1,1749998871197
2025-06-15T16:47:54.159706,system,Client connected from 127.0.0.1,04a0a7e8,127.0.0.1,1749998874159
2025-06-15T16:47:54.175174,system,Sent 0 events,04a0a7e8,127.0.0.1,1749998874175
2025-06-15T16:48:22.810065,system,Client disconnected from 127.0.0.1,fe7a50e5,127.0.0.1,1749998902810
2025-06-15T16:48:25.161111,system,Added event: Dentist appointment,04a0a7e8,127.0.0.1,1749998905161
2025-06-15T16:48:25.173149,system,Sent 1 events,04a0a7e8,127.0.0.1,1749998905173
